checkmate.txt,pi.txt,shakespear.txt,square_root_of_4.txt,war_and_peace.txt
246.52458075133134,408.5082846542328,396.873156724353,26.960150829636284,430.7066214637857
155.97664934525807,433.22904335058826,455.83355813105015,375.9859469125636,71.83445726666112
178.47155592902666,487.4185133659828,363.0695575588167,24.468026814300124,75.82931318147035
411.584573393927,523.5861538761219,428.5045093929041,26.024123747388497,435.88455983238674
118.62989934713822,384.61485668568446,360.34469701418135,25.398545172795245,482.7050622058844
