checkmate.txt,pi.txt,shakespear.txt,square_root_of_4.txt,war_and_peace.txt
349.8825712417911,540.6914737604845,129.45150288722502,26.972110847355978,94.74854400438967
