one_conn_time,agg_throughput
0.00014624595642089843,190.33611850907923
0.0001403331756591797,188.8849129871459
0.00010809898376464843,180.25296746837677
0.000131988525390625,244.9291190028928
0.00010104179382324219,159.95369752141644
