one_conn_time,agg_throughput
0.00019979476928710938,172.54970609826773
0.00024509429931640625,143.97222325538613
0.0001983642578125,132.2962147202898
0.00010633468627929688,248.12641545079245
0.00020551681518554688,125.23803995966227
