checkmate.txt,pi.txt,shakespear.txt,square_root_of_4.txt,war_and_peace.txt
0.05211186408996582,0.0025980472564697266,0.04324197769165039,0.04245781898498535,0.03476071357727051
