one_conn_time,agg_throughput
0.0002357959747314453,130.98178571088863
8.511543273925781e-05,236.27924476996589
6.890296936035156e-05,195.9736848180709
6.318092346191406e-05,255.82761146589382
7.05718994140625e-05,247.54260949192212
