checkmate.txt,pi.txt,shakespear.txt,square_root_of_4.txt,war_and_peace.txt
179.67920427432045,343.09177136015836,323.96367031385483,336.92623960493825,250.0281171078371
179.4721626904602,373.5917183164035,311.06160758165845,276.6194696963833,231.4144381379703
172.67201917409025,294.5221189486628,296.77321146532176,298.3552066468725,203.10304300827758
279.38683945884173,326.5847231067014,256.66144581322084,211.58629451601252,283.05746511911155
140.64734336401372,363.8556777353177,270.14554059504553,311.0894087958549,262.14614904751784
