checkmate.txt,pi.txt,shakespear.txt,square_root_of_4.txt,war_and_peace.txt
0.10147547721862793,0.004094362258911133,0.01727890968322754,0.003398895263671875,0.013172626495361328
0.1015925407409668,0.003760099411010742,0.017995595932006836,0.004139900207519531,0.014232158660888672
0.10559344291687012,0.004769563674926758,0.018862009048461914,0.0038383007049560547,0.016216039657592773
0.0652608871459961,0.004301309585571289,0.021809816360473633,0.00541234016418457,0.011635541915893555
0.12963652610778809,0.0038607120513916016,0.0207211971282959,0.003681182861328125,0.012563705444335938
