checkmate.txt,pi.txt,shakespear.txt,square_root_of_4.txt,war_and_peace.txt
0.05276775360107422,0.002822399139404297,0.010525703430175781,0.0450131893157959,0.02106022834777832
0.04057621955871582,0.0026330947875976562,0.010550498962402344,0.0021779537200927734,0.045285701751708984
0.03892230987548828,0.0025713443756103516,0.010473012924194336,0.04514598846435547,0.024784326553344727
0.04160952568054199,0.002602100372314453,0.010539531707763672,0.0022115707397460938,0.045644521713256836
0.041831254959106445,0.0025832653045654297,0.010661125183105469,0.0026388168334960938,0.04872488975524902
