one_conn_time,agg_throughput
0.00024271011352539062,43.28321104482981
