checkmate.txt,pi.txt,shakespear.txt,square_root_of_4.txt,war_and_peace.txt
0.08292126655578613,0.004433631896972656,0.019708871841430664,0.004606723785400391,0.013298511505126953
