one_conn_time,agg_throughput
4.76837158203125e-07,218.17490478204638
