checkmate.txt,pi.txt,shakespear.txt,square_root_of_4.txt,war_and_peace.txt
219.89977670845926,317.1106741991826,279.1092277761084,240.73333927999172,247.78953634995875
