checkmate.txt,pi.txt,shakespear.txt,square_root_of_4.txt,war_and_peace.txt
240.18064510415823,312.5889264462232,278.41192577060684,241.90914616645713,266.71049880411414
