checkmate.txt,pi.txt,shakespear.txt,square_root_of_4.txt,war_and_peace.txt
0.06737852096557617,0.004918813705444336,0.019335508346557617,0.004317760467529297,0.012004375457763672
0.0673220157623291,0.0046002864837646484,0.020267248153686523,0.004256725311279297,0.012154102325439453
0.0668177604675293,0.004652738571166992,0.020229339599609375,0.004959583282470703,0.01190638542175293
0.08334517478942871,0.0048143863677978516,0.021052122116088867,0.004319429397583008,0.013210773468017578
0.06880950927734375,0.005127429962158203,0.022403717041015625,0.004721403121948242,0.013827085494995117
