checkmate.txt,pi.txt,shakespear.txt,square_root_of_4.txt,war_and_peace.txt
0.07591938972473145,0.0044977664947509766,0.0201113224029541,0.00474095344543457,0.01235508918762207
