one_conn_time,agg_throughput
2.1791458129882814e-05,225.5275646939849
